Website Link	Notes	
https://opurent.framer.website/	car speeding in the background like a video, beautiful product dash, the scroll cursor being represented with a red cirlce, overall beauty of the color pallette	
https://stratex.framer.website/	fade in effect of the big banner in the home page and the we've partnered with hover of logos, also the "proven process to achieve your goals section is a really nice layout", AND THE "OUR team" section rotating image bar. also the "services section of all the cards fading in and out with a 3d effect.	
https://plat-form.framer.ai/	the 3d dot animation in the back of the home page, large and interesting/ beautiful text. "we run your infrastructure so you can focus on building great products, the sentence writes itself as yous crolls down with the 3d blocks to the right of it is beautiful. the way our work fades in and has different prdouct parts moving with the modular feel. the exceptional beauty feel of the smart anyltiics the way all the charts and stuff flow together and howe verything is super dynamic. pricing model services and our work is also beautiful	Especially exceptional
https://draftr-wbs.framer.website/	The mockups of the product are exceptional and the color gradients are neat, love the way the boxes come together and the visuals in each box, as well as the dynamic diagrams, plus the beauty of the pricing model	
https://etery.framer.website/	love the way text is being typed as you move through the website, the "buyers" moving down the screen dynamically in the voice assistants, the tool integrations flowing in beautifully, and the our results numbers going up live, love the rotating client testimonial cards too, the why choose us check list and the interestingness of the text, and the nice format of our team	
https://ehunter.framer.website/	love the big text of the business in white blocks that come up, the background video of the two guys that comes up in super clear resolution as you scroll (this is beautiful), elegant project blocks, and nice black minimilastic colors	
https://agevia.framer.website/	i love the text on the front of the landing page and the text sliding in the bar. when you scroll down, the rotating questions in the "removing the roadblocks to your success" is really cool - having one row go left one go right etc. i also like the elegant icons, the numbers section, and the way the "our services" cards slide down in an animation where you're not actually moving down the page but hte cards are still changing, plus the images and icons tht are chosen have this elegant architecture feel. i love the our process part where each step is rotating around the globe as you scroll, and the with us versus the without us table, plus the artistic representation of the testimonials, and the re design of the standard faq section in a way that's beautiful, as well as the big logo at the bottom	
https://dreelio.framer.website/	3d element of the dashboard, moves towards you on the screen as you scroll down, beautiful bakgrounds with the cloud and the sky, love the way the image zooms out as you scroll down for mobile app and web app, love the way the customer reviews move horizontally, and the way everything fades in, love the project management visual  and the light color gradients of this think it's awesome	
https://arpeggio.framer.website/	love the way the big orange text of Arpeggio pans in right when you open with the big bold blue background of the woman, abd the background card of "design that captivates today and inspires tomorrow" card that feels like a movie theather preview. right after this section i love hw the rectangular components like Boreal pan out on the side of your screen as you scroll down, and the way different rectangular sections like Boreal VR headset and velocity motors take over the screen and cover each other as you croll down. love the way the numbers calculate in real time with the pac man eating it and the "what we do" section where it pans in to fill the whole screen with big text. also love the why chose us ection and the way the visuals numbers and rectangular cards all come together to be spectactularly beautiful and the modular look. love the inspiring client experiences sliding blocks of testimonials and the way in which you scroll all the way down, the bottom part becomes large and takes over the website - overall like this as a way to keep the website really dynamic	
https://plumbing.framer.media/	I love the consitent color layout, the simple layout of the whole web page, the very clear process on the website, etc. this is one of the most simple ones by far and applies greatly to our smb segment	
https://neative.framer.website/	Love the large background image of the vacuum the small amount of words but the big text and the get a free quote box, makes it very simple and easy to understand. love the spaces we specialize section with the icons  and the stock images of these services being done and the flow of how it works in terms of the 1 2 3 4 with nice image cards. also love why it works with all of the different cards and numbers and colors through with this 	
https://handyman.framer.photos/	Love the bery simple layout of the whole page, the way everything pans in, and the reviews incorporation into the page, plus the subtle dots  and the offer a wide range of services, overall just less text and nice rectangular sections with simple beautiful colors, our work process is also great in layout	
https://gardener.framer.media/	i love the way images are utilized throughout this from the background image in the main hero section to the book a call right away, the meet the team in the about us, the color pallete , the our services part with the nice cards, the green boxes, the image gallery aesthetic layout with our rcent works , the sliding trusted by customers with the green sexy boxes, , etc	
https://pilatestemplate.framer.ai/	love the beautiful image cards throughout the website - both in the main section and the gallery that goes across the screen, love the color pallette , the meet your instrcutor cards , the simple class type rectangles with the images on there , the class schedule layout , and the about us location map was really nice	
https://mindify.framer.website/?via=justyna	like the choice of simplicty and fonts and the mission statement, meet your therapist section i like the tags and the font of name under her image plus again the way the rectangular sections of the web page cover each other up and move when you scroll down 	
https://lineads.framer.website/	i love the image cards and the way they drag across the screen as well as the dotted background plus the use of italic words in the title. love the sliding cards once again, and the way the images animate in opposite directions plus how clear they look , sliding reviews is good as usual	
https://yogus.framer.website/	the video background in the main part of the website is exceptional as well as the glassy feel and the transparent boxes with testimonials weaves in cleverly. like the way the image cards are dynamic and turn into videos this really levels up a website and the use of small boxes throughout that elevate, plus the schedule and class catalogue is really neat in additino to the pricing 	
https://mariven.framer.website/	Love video in background and how dynamic the website feels with, in for example the welcome to mariven section all the images sliding in different directions when you scroll down and how this takes over the screen too when you scroll down more. 	
https://essentia.framer.media/	I love the icon of the skin cream container and how this moves around the website as you scroll down, it's exceptional. I love how the sentence writes itself out: Five proven ingredients that actually work. Less bottles. Better skin. ....". I love the five reasons starting with Five ingredients nothing more how powerful this is and how it scrolls away into a new reason with each scroll down. I love the step by step process next to "Your new skincare routine is beautifully simple", and then how the step 1 step 2 step 3 follows with image fadeaway into the screen. i love how all of these images are despite stock very well chosen this is something i want to incorp in my websites and love the "What they are saying" for the reviews in big text following by all of the cards that flow in the background	Standout example for brands
https://nordiq.framer.website/	The Nordic website is exceptionally beautiful. The chair in the middle is very well rendered. When you scroll down, the elegant designs come through with rotating images. The featured product rotates as you scroll. The art material section with tree icons and accompanying text is excellent. All the testimonials are elegantly implemented. I love the view preview icon that lets you click through—really nice touch. The studio tour with the playable content and rotating words is strong, as is how it lists all the words. The collection and catalog are elegantly presented with super high resolution, beautiful images throughout. The showroom section is also very good.	Standout example for anything design related
https://bamzi.framer.website/	The BAMZI website has beautiful renderings of the sushi and ramen—extremely clever. The food is rendered in a way that really appetizes you. The Big Tex flows across the screen nicely. The menu is in huge, appealing text that pops. It's divided into two segments. The picture of the chef with the quote is a very nice design element. Overall	
https://heatfix.framer.website/	The HeatFix website has a big impactful image as an overlay on the front page. The containers are broken out nicely with small business icons. The images incorporated in the cards work well. The color palette is really clever and super simple. The testimonials flow together seamlessly. The about us section incorporates the story effectively. Overall, a very simple and nice	
https://realisting.framer.website/	Realist is one of the best websites I've seen. The buy, sell, rent text is huge with a grid and blurred background image that becomes clearer and more transparent as you scroll—really exceptional. The listings on the homepage have beautiful image cards and text, with images that pan slightly as you scroll. The grid of neighborhoods has images that move as you scroll. The surfaces section is exceptional. The agencies comparison section is really cool with a big background image and checklist. The process flows nicely with all the boxes connecting. The reviews are cool with boxes next to each other. The submit property form is exceptionally beautiful and makes you want to fill it out. The reviews grid is really nice and modular. The explore area is really cool—when you click through neighborhoods, it fills half the screen, and clicking into a specific area like Brickell in Miami reveals a really nice, almost sexy flyer. Overall, the design here is incredible and something we should try to	One of the ebst i've sean - great for geography / real estate
https://yachtera-template.framer.website/	Yachtera is an all around very good website. The opening yacht video is really good—super high resolution and really clear. When scrolling through the boats, they're rendered beautifully. The reviews and video overlay of boats flowing through is really nice. The yacht product catalog with each card is extremely appealing. The error section has an exceptional video of a boat going through the ocean in the background, highly rendered and well done. I want to find stock image videos that replicate this quality. The way it's incorporated is really nice. The boat overview is really cool with all the different product features you can scroll through. The founder story is incorporated great. Overall, the video overlays are a really nice feature when they're high resolution and well done. The yacht product catalog with beautiful images and nice cards is really great.	
https://foresttherapy.framer.ai/	A Forest Therapy is very much exceptional. The big image fills the whole screen until the "What is Forest Therapy" section—super powerful and very apparent for the business. The about section is really good with all the different cards and placement. The meet Sophia part is great, with cards that zoom into the screen starting transparent and almost below the screen before coming into view. The space section is very good with deep nature imagery and really beautiful tree photos. The pricing is really creative—the way the leaf sprouts over the forest to indicate the most popular option is really great. Overall, this is very well designed and something we should try to replicate.	Standout example for anything therueapitc
https://luxerra.framer.website/	Wuxera nailed the big hero images and product catalogs. The bold, elegant design lets the cars shine through. Simple, effective website.	
https://mobius.framer.website/	Mobius stands out for its interactive animations. The hero section flows beautifully—image cards animate in, text forms sentences, and product videos sync with moving words. The founders section and partnership logos animate through the screen with precision. Cards flow vertically in the feed, and the studio team section ties everything together with cohesive imagery. It's one of the best designed websites you've seen—clever, fluid, and intentional throughout.	
https://suntrail-template.framer.website/	What I like about SunTrail is that the website is simple, matching the kid-oriented product. The camp counselors look friendly, and the images flow well. I especially like the gallery collage, and the event details are very clear. Overall, the small design elements like triangles and circles stand out.	
https://realdev.framer.website/	“Okay, next, let's see this for RealDev. RealDev was by far one of the most exceptional websites I've ever seen. I think when you first open the website, the background speed up of like the real estate construction happening in the faint sunlight is just simply amazing. And I'd love to find a way to incorporate visuals like this into our websites. Also love the way that when you scroll down, the about of the company was told through scrolling and different sentences appeared and different images kind of waved out of the website. Also the way the numbers move and all the different metrics was really cool. I thought that the property catalogs were visually stunning and the way that you could scroll through and there's such amazing images in the backdrop. And when you choose like a specific property, the actual details, you know, are just super visually appealing as well. I loved the, essentially, like when you clicked on the Orient Sky Penthouse, the big image with all the different like components of it were really exciting. I love the way that a video would also play and then there's a bunch of words and details at the bottom. So it kind of hooks you in in the beginning. I thought that was really good. I thought the blog was really cool with all the consistent images and how they panned out and there was like a little grid. I thought that was really good. And then the landowners section I thought was simply amazing. The way that you could see the animation of how a property is built was like simply stunning. Even the contact form was cool with all the different underlines of all the different addresses and social medias and stuff. So I'd love to find a way to incorporate this into our website.”	